"ID";"Edad";"Sexo";"NivelEducacion";"EstadoCivil";"NivelSocEco";"HorasLogeadas";"HorasHabladas";"ContactosEfectivosPromedio";"RegistrosTerminados";"ProdMayorUbral";"ProdPromAprobada"
1;32;"m";"un";"s";"c3c4";151.1525;45.8525;192.25;591.75;"si";334750
2;24;"m";"em";"s";"c3c4";71.18;24.76;1;501;"no";35587
3;29;"m";"em";"c";"c3c4";120.56;49.45;156;993;"si";312750
4;48;"f";"em";"c";"e";90.85;28.85;442;569;"no";15131
5;25;"m";"un";"s";"c3c4";190.18;41.16;0;0;"si";531400
6;30;"m";"em";"s";"c3c4";164.4583333;32.27333333;186.6666667;359.3333333;"si";318083.33
7;43;"f";"em";"c";"e";120.03875;38.265;105.5;209.375;"si";373750
8;31;"m";"em";"c";"c3c4";67.73333333;23.30333333;49.33333333;63;"si";184416.67
9;29;"f";"ts";"s";"c3c4";68.98666667;27.37;155.3333333;418.3333333;"no";79166.67
10;47;"m";"em";"s";"e";168.875;80.84166667;452;915.8333333;"si";335541.67
11;48;"m";"ts";"s";"c3c4";173.1625;55.745;347.75;1695.75;"si";302750
12;32;"f";"ts";"c";"c2";65.66;24.27;34;113;"no";66250
13;27;"f";"em";"s";"c3c4";85.04183333;21.32233333;233;300.5;"no";151279.33
14;22;"m";"em";"s";"c3c4";131.82225;21.54925;15.75;19.75;"si";392370.5
15;38;"f";"em";"c";"c3c4";145.5633333;44.34444444;53.88888889;378.1111111;"si";243833.33
16;27;"f";"ts";"s";"c3c4";226.2;57.45333333;61;594;"si";408000
17;24;"m";"un";"s";"c2";140.8966667;39.35333333;209.3333333;567.1666667;"si";392217.67
18;21;"m";"em";"s";"e";120.5575;51.02625;218.625;632.625;"si";267558.25
19;30;"m";"em";"s";"e";103.285;18.315;45;90.5;"no";83250
20;35;"m";"em";"s";"c3c4";142.405;49.16875;325;750.25;"si";472562.5
21;27;"f";"em";"s";"c3c4";174.6111111;81.78777778;231.3333333;951.3333333;"si";479444.44
22;32;"m";"em";"s";"e";125.02;54.59333333;373.6666667;555.6666667;"si";253333.33
23;30;"m";"un";"s";"c3c4";170.4422222;51.71;236.3333333;456.4444444;"si";279833.33
24;43;"m";"ts";"s";"e";195.02;83.53;0;567;"no";97514
25;28;"m";"ts";"s";"c3c4";156.3883333;87.81666667;413.3333333;934.1666667;"si";199833.33
26;47;"m";"em";"c";"c3c4";138.6135;48.623;808.25;855.625;"si";234085.13
27;27;"m";"ts";"s";"c3c4";53.495;14.3;122.5;257;"no";52250
28;26;"f";"em";"s";"e";134.795;39;122.5;283;"si";341375
29;21;"f";"em";"s";"c3c4";27.25;4.57;165;184;"no";0
30;28;"m";"em";"s";"c2";11.44;3.92;53;59;"no";0
31;26;"m";"ts";"s";"c3c4";62.11;24.52;88;487;"no";9250
32;26;"m";"un";"s";"c3c4";34.14;18.99;65;281;"no";10500
33;52;"f";"em";"c";"c2";37.36;13.005;60.5;193.5;"no";10000
34;31;"m";"ts";"s";"c3c4";39.41;14.44;58;113;"no";19500
35;31;"m";"em";"c";"e";66.74;34.6;168;484;"no";32250
36;31;"f";"em";"c";"e";33.26;7.765;29;133;"no";7500
37;28;"f";"em";"c";"e";40.461;10.998;0;22;"no";17629
38;28;"m";"un";"c";"e";15.2;3.42;17;24;"no";5000
39;24;"m";"ts";"s";"c3c4";15.2;3.23;0;0;"no";10500
40;37;"f";"ts";"c";"c3c4";63.78;16.81;280;344;"no";4000
41;31;"m";"un";"c";"c3c4";43.61;9.17;32;160;"no";25000
42;29;"m";"un";"s";"c2";31.14;19.17;56;319;"no";3500
43;24;"f";"em";"s";"e";43.476;12.825;0;0;"no";14026
44;21;"m";"ts";"s";"e";50.46;14.84;182;217;"no";0
45;39;"m";"ts";"c";"abc1";49.5;8.7;102;132;"no";2000
46;31;"f";"em";"s";"e";47.23;8.55;352;412;"no";0
47;31;"f";"em";"s";"c3c4";25.06;7.36;62;121;"no";12500
48;29;"m";"ts";"s";"c3c4";43.98;6.7;172;234;"no";0
49;26;"f";"em";"s";"c3c4";35.12;18.62;132;214;"no";56000
50;23;"m";"ts";"s";"c3c4";42.36;9.73;222;396;"no";2495
51;27;"f";"em";"s";"c3c4";51.21;12.82;222;286;"no";8682
52;52;"f";"em";"c";"c3c4";40.93;13.64;206;275;"no";1197
53;50;"m";"ts";"s";"c2";38.35;12.49;26.5;69;"no";10000
54;34;"f";"ts";"s";"c3c4";61.15;23.48;170;385;"no";35281
55;30;"m";"ts";"s";"c3c4";68.283;19.907;213;312;"no";31896
56;21;"f";"em";"s";"c2";58.83;21.44;150;522;"no";19639
57;35;"m";"em";"s";"c2";52.36;30.225;116;385;"no";50000
58;24;"m";"ts";"s";"c2";101.2;36.05;197;664;"no";113500
59;23;"m";"ts";"s";"e";35.485;9.886;228;318;"no";14139
60;21;"m";"em";"s";"c3c4";34.638;8.96;192;231;"no";6498
61;34;"f";"ts";"s";"c3c4";90.84;15.87;191;306;"no";42000
62;29;"m";"ts";"s";"c3c4";46.341;22.726;181;182;"no";41633
63;28;"m";"ts";"s";"c2";69.41;16.05;207;250;"no";2500
64;22;"f";"em";"s";"c3c4";30.02;6.46;10;216;"no";3000
65;37;"f";"ts";"s";"c2";41.703;16.627;129;133;"no";21317.5
66;27;"f";"em";"s";"c2";35.04;8.07;70.5;91.5;"no";34151
67;27;"m";"ts";"s";"c3c4";89.69;35.3;148;551;"no";10500
68;26;"f";"em";"s";"c2";30.0685;9.4295;110;125.5;"no";19949.5
69;19;"f";"em";"s";"c3c4";39.25;20.97;105;348.5;"no";20625
70;42;"m";"em";"c";"c3c4";22.725;6.095;15.5;23.5;"no";11250
71;44;"m";"ts";"c";"c3c4";41.667;10.8605;174;256;"no";34599.5
72;38;"f";"ts";"s";"c3c4";80.23;31.35;183;579;"si";211500
73;34;"m";"em";"c";"c3c4";48.82;24.95;175;292;"no";32000
74;25;"f";"em";"s";"e";6.18;1.45;5;10.5;"no";2500
75;28;"f";"em";"s";"c3c4";54.53;19.9;116;282.5;"no";12000
76;27;"m";"em";"s";"c3c4";64.77;20.955;139;174.5;"no";74500
77;23;"f";"em";"s";"e";90.91;33.22;186;437;"no";124500
78;36;"f";"em";"c";"c3c4";64.635;22.53;182.5;269.5;"no";3750
79;34;"f";"em";"c";"c3c4";54.545;14.115;141;223;"no";20000
80;32;"f";"ts";"c";"e";106.03;57.1;124;428;"si";160750
81;29;"m";"ts";"s";"c3c4";19.12;7.64;0;118;"no";3000
82;26;"m";"un";"s";"c3c4";39.31;27.9;125;373;"no";58500
83;25;"m";"em";"s";"c3c4";145.88;67.7;145;754;"no";80000
84;25;"f";"ts";"s";"c3c4";53.63;10.01;102;128;"no";4000
85;24;"m";"em";"s";"c3c4";114.27;33.07;150;733;"no";39980
86;22;"m";"em";"s";"c2";58;13.87;55;421;"no";25500
87;22;"f";"em";"s";"c3c4";57.065;20.025;96.5;261;"no";39000
88;24;"f";"em";"s";"e";100.07;38.51;227;527;"no";48250
89;34;"m";"un";"c";"c3c4";62.37;17.33;265;328;"no";24000
90;30;"m";"em";"s";"c3c4";49.68;17.94;69;139;"no";12500
91;25;"f";"em";"s";"fue";56.0155;12.8375;118.5;139.5;"no";43299
92;25;"f";"ts";"s";"e";105.08;48.76;100;440;"no";28000
93;23;"m";"em";"s";"e";52.04;11.38;80;432;"no";8000
94;23;"m";"em";"s";"c3c4";83.28;28.06;221;263;"no";20000
95;21;"f";"em";"s";"e";79.494;32.486;381;554;"no";44623
96;39;"f";"em";"c";"c3c4";26.45;12.68;51;162;"no";10500
97;34;"m";"un";"s";"c3c4";74.645;40.74;103;214.5;"no";17625
98;26;"m";"ts";"s";"c3c4";79.27;18.45;0;393;"no";39633
99;30;"m";"ts";"s";"c3c4";46.41;18.29;0;244;"no";23207
100;30;"f";"em";"c";"c3c4";52.06;11.48;60.5;88;"no";50750
101;29;"f";"em";"s";"c3c4";66.275;10.08;61.5;142.5;"no";32000
102;28;"f";"em";"s";"c3c4";80.41;36.64;194;750;"no";25000
103;28;"f";"un";"s";"c3c4";64.1;12.475;74;139.5;"no";37250
104;26;"m";"ts";"s";"c3c4";31.45;17.59;39;143;"no";17500
105;23;"f";"em";"s";"c3c4";129.94;44.93;225;361;"no";89500
106;37;"m";"un";"s";"c2";81.08;42.015;198.5;436;"no";47250
107;32;"f";"ts";"s";"c3c4";102.8;41.49;236;583;"no";15000
108;25;"m";"em";"s";"c3c4";70.3245;17.3355;198.5;266.5;"no";20691
109;24;"f";"em";"s";"c3c4";83.6;33.89;174;454;"no";45500
110;63;"m";"un";"s";"c3c4";47.29;22.26;110;208;"no";24000
111;32;"m";"ts";"s";"c2";74.44;23.575;231.5;293.5;"no";18120.5
112;28;"f";"ts";"s";"c3c4";76.595;43.635;164;326;"no";56250
113;26;"m";"em";"s";"c3c4";83.795;45.855;164.5;393;"no";131875
114;24;"m";"em";"s";"c3c4";104.061;31.489;50;57;"no";28020
115;23;"m";"ts";"s";"c3c4";11.90333333;1.236666667;185;205.3333333;"no";59941.33
116;56;"f";"em";"c";"c3c4";96.935;15.18;313;376;"no";5000
117;55;"m";"ts";"c";"c3c4";120.96;52.69;234;308;"no";58500
118;42;"f";"un";"s";"c3c4";92.655;25.02;365;452;"no";16250
119;36;"m";"em";"s";"c3c4";31.02666667;8.3;69.66666667;78;"no";64107.67
120;31;"m";"un";"s";"c3c4";20.151;9.203;87;107;"no";8703
121;32;"m";"ts";"s";"c2";106.94;29.26;223.5;345;"no";90500
122;30;"f";"em";"s";"e";74.924;23.182;279.5;290;"no";37165
123;31;"f";"un";"s";"c3c4";197.71;75.99;405;1484;"no";76000
124;27;"m";"em";"s";"e";82.96;16.05;204.5;338;"no";7500
125;27;"f";"em";"s";"c2";81.8165;27.259;151.5;163.5;"no";63984.5
126;27;"m";"em";"s";"c3c4";159.7;43.76;245;648;"no";106000
127;27;"m";"ts";"s";"e";9.56;5.26;19;43;"no";8000
128;22;"m";"em";"s";"c3c4";9.95;1.54;11;18;"no";0
129;30;"f";"em";"s";"e";86.945;42.345;20;328.5;"no";110500
130;26;"f";"em";"s";"c3c4";26.50666667;7.376666667;44.66666667;69.33333333;"no";7833.33
131;50;"m";"em";"c";"c3c4";87.035;34.525;123;311.5;"no";59500
132;42;"f";"ts";"s";"c3c4";142.57;53.24;181;1633;"no";34000
133;33;"m";"ts";"s";"c3c4";104.35;43.28;173;774.5;"no";52000
134;30;"m";"em";"s";"e";86.435;30.315;110.5;302;"no";36875
135;30;"m";"ts";"s";"c2";127;23.01;314;318;"no";7500
136;30;"m";"em";"s";"c3c4";86.105;27.83;113.5;491;"no";49000
137;28;"m";"un";"s";"e";96.555;35.18;312.5;492;"no";113000
138;27;"m";"em";"s";"c3c4";103.925;51.115;164;658.5;"no";51000
139;26;"f";"em";"s";"e";94.71;27.07;192;552;"no";50000
140;24;"f";"em";"s";"c3c4";2.85;0.25;6.5;8;"no";0
141;22;"f";"ts";"s";"e";0.17;0.1;2;2;"no";0
142;21;"f";"em";"s";"c3c4";80.87;16.49;133;345;"no";53000
143;19;"m";"un";"s";"c3c4";41.44;10.83;19.5;33.5;"no";22217.5
144;19;"m";"em";"s";"c3c4";39.21;11.42;71;77;"no";2000
145;60;"m";"un";"c";"c3c4";29.39;5.05;48;152;"no";9000
146;39;"f";"ts";"c";"e";66.555;27.28;154.5;265.5;"no";24000
147;32;"f";"em";"s";"e";38.15;9.05;76;187;"no";15000
148;24;"f";"em";"s";"c3c4";74.24;36.415;175.5;385.5;"no";88875
149;25;"f";"em";"s";"c3c4";9.99;2.05;0;0;"no";2500
150;23;"f";"em";"s";"abc1";100.762;25.358;32;43;"no";13675
151;22;"f";"ts";"s";"c2";78.9785;22.549;17.5;47;"no";102600.5
152;20;"f";"em";"s";"abc1";80.2075;19.9275;105;139;"no";9726
153;55;"f";"em";"s";"c3c4";30.62;10.17;39;247;"no";10500
154;47;"f";"em";"s";"e";119.52;50.935;255;627;"no";107187.5
155;34;"m";"ts";"s";"c3c4";40.26;7.545;46;65.5;"no";5000
156;37;"f";"em";"c";"c3c4";85.1295;17.444;30.5;53;"no";18765
157;32;"f";"em";"c";"e";72.75;26.1;106;403;"no";42500
158;29;"f";"ts";"s";"e";103.3566667;37.05;174.3333333;309.6666667;"si";247504.67
159;27;"f";"em";"s";"c3c4";38;10.4;0;0;"no";10000
160;24;"m";"ts";"s";"c3c4";177.67;37.78;1216;1241;"no";153216
161;23;"m";"ts";"s";"e";174.32;39.31;863;869;"no";57562
162;20;"f";"em";"s";"c3c4";53.64;13.44;100;288;"no";19000
163;48;"f";"em";"c";"c3c4";88.135;38.035;179.5;811.5;"no";71000
164;35;"m";"em";"s";"c3c4";117.01;42.9;231;384;"no";85500
165;29;"f";"em";"s";"e";164.97;27.98;304;605;"no";128500
166;26;"f";"ts";"s";"c3c4";64.27;12.24;74;384;"no";16000
167;25;"f";"em";"s";"c3c4";67.792;13.3065;141.5;358.5;"no";4281
168;20;"m";"em";"s";"c2";111.392;27.7065;197.5;218;"no";30106
169;65;"f";"un";"c";"c2";92.57;22.11;129;346.5;"no";6250
170;63;"f";"un";"s";"c3c4";89.845;33.35;103;301.5;"no";8375
171;24;"m";"em";"s";"e";118.245;79.735;267;917.5;"no";75000
172;46;"f";"em";"s";"c3c4";86.265;24.41;125.5;501.5;"no";69500
173;28;"f";"em";"s";"c3c4";171.15;88.3;391;843;"si";223000
174;24;"m";"em";"s";"e";39.62;8.97;96;289;"no";2495
175;21;"f";"em";"s";"c3c4";69.48;24.765;302.5;431;"no";4939.5
176;31;"f";"em";"c";"e";73.705;24.29;64;303;"no";36250
177;37;"f";"ts";"s";"c3c4";79.43;25.57;0;194;"no";30756
178;25;"f";"un";"s";"c2";18.78;3.13;0;0;"no";0
179;24;"m";"un";"s";"c2";99.82;42.785;203;384;"no";78500
180;20;"f";"em";"s";"e";85.666;20.567;56;217;"no";24999.5
181;51;"f";"ts";"c";"e";123.91;39.965;3.5;254.5;"no";24000
182;25;"m";"em";"s";"c3c4";138.79;36.51;265;716;"no";92000
183;48;"f";"em";"s";"abc1";124.82;59.23;8.5;539;"no";15000
184;23;"f";"em";"s";"c3c4";58.355;32.175;112.5;312;"no";62375
185;34;"f";"ts";"s";"c3c4";37.03;7.86;0;0;"no";15000
186;26;"m";"ts";"s";"c2";104.865;37.18;251;530;"no";12750
187;25;"m";"em";"s";"e";98.85;31.85;156;477;"no";27750
188;25;"f";"em";"s";"c3c4";52.25;7.44;130;464;"no";0
189;23;"m";"em";"s";"c3c4";79.652;28.259;0;0;"no";59175
190;21;"m";"ts";"s";"c3c4";30.98;11.48;83;264;"no";31000
191;29;"f";"em";"s";"e";23.81;11.36333333;17.66666667;101.3333333;"no";46000
192;30;"f";"em";"s";"e";44.898;16.496;263;371;"no";18948
193;25;"m";"em";"s";"c3c4";54.40333333;8.74;171;188;"no";55082
194;22;"f";"em";"s";"c3c4";43.56;14.34;0;0;"no";25720
195;28;"m";"em";"s";"c3c4";152.896;66.15;26;28;"no";108187
196;34;"m";"em";"s";"c3c4";46.75;8.36;72;408.5;"no";15500
197;34;"m";"em";"s";"c3c4";39.62333333;9.136666667;79.66666667;205.3333333;"no";2500
198;27;"m";"ts";"c";"c3c4";92.18;26.775;119;354.5;"no";94500
199;25;"m";"em";"s";"c3c4";95.97;28.41333333;170.6666667;194.3333333;"no";133732
200;27;"f";"em";"s";"e";128.944;34.4025;148.5;202.5;"no";49004
201;31;"m";"un";"s";"c2";54.725;10.665;1.5;47;"no";47750
202;29;"f";"em";"s";"c3c4";110.675;59.19;423.5;656;"no";44500
203;34;"m";"ts";"c";"e";146.935;22.265;0;0;"no";142670
204;29;"f";"ts";"s";"e";124.83;30.275;0;0;"si";202530
205;26;"f";"ts";"s";"c3c4";137.41;39.815;125.5;791;"no";125625
206;28;"f";"em";"s";"e";38.92;10.785;81.5;89.5;"no";28399
207;37;"f";"em";"s";"c3c4";99.526;30.496;172.5;212.5;"no";64078
208;49;"f";"ts";"s";"c3c4";18.2;5.07;39;65;"no";10000
209;36;"m";"un";"s";"c2";106.78;63.33;258;571;"si";161250
210;24;"m";"em";"s";"c2";123.27;29.04;150;427;"no";112500
211;45;"f";"un";"s";"c3c4";156.756;50.777;21;48.5;"no";145156
212;34;"m";"ts";"s";"c2";24.14;3.75;9;26;"no";0
213;31;"f";"em";"c";"e";89.871;29.619;204;294;"no";101683
214;39;"f";"em";"c";"c3c4";112.6365;40.6155;170;201;"si";167356.5
215;29;"f";"em";"s";"e";146.455;45.81;377;741;"no";79250
216;26;"f";"em";"c";"c3c4";50.52;19.23;73;142;"no";37500
217;25;"m";"em";"s";"c3c4";23.77;6.39;27;65;"no";3000
218;29;"m";"em";"s";"c3c4";127.85;32.67;303;711;"no";77000
219;38;"f";"em";"s";"e";130.64;35.75;199.5;535.5;"no";88500
220;44;"f";"ts";"s";"c3c4";157.965;82.3;296;660.5;"si";276750
221;30;"f";"em";"s";"c3c4";142.875;67.77;278.5;988;"no";41000
222;36;"m";"un";"s";"e";89.81333333;17.73333333;209.3333333;300.3333333;"no";77012.33
223;26;"m";"em";"s";"e";142.85;66.47;101;712;"no";55500
224;38;"f";"un";"s";"abc1";94.94333333;22.46;108.3333333;606;"si";180000
225;28;"f";"ts";"s";"c2";80.72;21.84;19;109;"no";91000
226;24;"f";"un";"s";"abc1";84.69;17.93;106;436;"no";13000
227;23;"m";"un";"s";"c3c4";132.63;25;101;445;"si";250000
228;45;"m";"em";"s";"c3c4";136.54;89.11333333;271.3333333;966.6666667;"si";178250
229;36;"f";"ts";"c";"e";125.22;60.03;329.5;824.5;"no";93750
230;37;"m";"ts";"s";"c3c4";160.5;80.185;260.5;748;"no";158250
231;36;"f";"ts";"c";"c3c4";173.95;63.89;552;632;"si";355000
232;36;"f";"em";"s";"e";108.785;32.32;184.75;271.5;"no";129875
233;28;"f";"ts";"s";"c3c4";155.6525;37.5925;216.5;636.5;"no";47639
234;27;"f";"un";"s";"e";27.18;14.07;52;149;"no";41000
235;27;"m";"em";"s";"e";29.23;12.41;33;125;"no";10500
236;25;"f";"un";"c";"e";89.15;15.135;110.5;428;"no";0
237;25;"m";"em";"s";"e";189.38;57.92;0;656;"si";184000
238;20;"f";"ts";"s";"c3c4";88.385;26.465;85;98.5;"no";35509
239;19;"m";"em";"s";"c3c4";33.395;8.685;7.5;14.5;"no";6552.5
240;35;"m";"ts";"s";"c3c4";127.79;42.0275;195.5;357;"no";62553
241;28;"m";"ts";"s";"c3c4";90.54666667;33.22333333;223;540.3333333;"no";60166.67
242;25;"m";"em";"s";"e";92.972;15.002;144.6;375.2;"si";161008.6
243;21;"m";"em";"s";"e";125.62;14.489;218.3333333;333;"no";18592
244;47;"f";"em";"s";"c3c4";115.73;19.15;624;686;"no";6915
245;30;"m";"ts";"s";"c3c4";117.53;34.4;116;231;"si";159153.33
246;37;"m";"un";"s";"c2";124.9;36.19;190;430;"no";44500
247;26;"f";"em";"s";"c3c4";175.34;69.41;12;944;"si";321000
248;24;"m";"ts";"s";"c3c4";94.28266667;24.50166667;276.6666667;499.3333333;"no";15339.33
249;41;"m";"em";"c";"e";91.22666667;32.6;165.6666667;531;"no";151000
250;39;"m";"un";"s";"c3c4";38.74;4.92;0;0;"no";4980
251;32;"m";"un";"s";"c3c4";101.35;60.845;213.5;418.25;"si";195250
252;27;"f";"em";"s";"e";127.1066667;70.79666667;286.3333333;637.3333333;"no";70000
253;32;"m";"em";"c";"c3c4";137.95;76.66;316.6666667;771.3333333;"si";247416.67
254;27;"f";"em";"s";"c3c4";80.3205;28.572;223.5;409.75;"no";54685
255;39;"f";"un";"s";"e";170.18;78.705;414.5;1170.5;"si";217250
256;34;"m";"ts";"c";"e";139.7;57.41;33;573;"no";56500
257;31;"m";"em";"c";"e";152.975;64.585;257;694;"no";142500
258;23;"f";"em";"s";"e";62.86;30.56;147;334;"no";30250
259;22;"f";"un";"s";"c2";166.755;42.995;208;1082.5;"no";38000
260;38;"f";"em";"s";"c3c4";123.125;50.37;298.5;638.5;"si";238250
261;28;"m";"un";"c";"c3c4";158.59;89.15;265;525;"no";122250
262;27;"m";"ts";"s";"c2";101.12;19.22;7;216;"no";0
263;23;"f";"em";"s";"c3c4";72.575;25.395;151.5;448;"no";67750
264;43;"m";"em";"s";"c2";54.725;22.99;65.5;414;"no";26250
265;53;"f";"ts";"s";"c3c4";116.9866667;51.46;256;570.3333333;"no";126000
266;25;"m";"un";"s";"c3c4";71.91;15.025;198.5;530.5;"no";48750
267;52;"f";"ts";"s";"c3c4";133.69;76.585;475.5;806;"no";106750
268;24;"m";"ts";"s";"c3c4";113.78;27.02;84.5;390;"no";143500
269;46;"f";"em";"s";"c2";133.5;38.03333333;284.6666667;358.6666667;"no";111666.67
270;37;"f";"ts";"c";"e";103.8;27.62;219;871;"no";73500
271;27;"m";"em";"s";"c3c4";171.63;80.465;480.5;1104.5;"si";222000
272;33;"m";"ts";"s";"fue";82.39333333;27.97;209;564.6666667;"no";81333.33
273;32;"m";"ts";"s";"c3c4";111.86;17.64;84.66666667;715.3333333;"no";119666.67
274;28;"m";"ts";"s";"c3c4";170.985;59.955;427;619.5;"si";216500
275;48;"m";"em";"c";"c3c4";191.83;72.45;404;1413;"si";162500
276;29;"f";"em";"s";"e";158.9;28.135;319.5;526;"no";58019.5
277;27;"f";"em";"s";"c3c4";117.855;59.5225;337.5;955;"si";193562.5
278;28;"f";"un";"s";"e";151.156;39.764;314;401;"no";108970
279;26;"f";"un";"s";"e";12.49;2.75;27;34;"no";0
280;26;"m";"em";"s";"c3c4";97.235;32.195;276.5;317;"no";69897
281;35;"m";"em";"s";"e";69.2425;17.428;10.5;378.5;"no";60909
282;44;"m";"ts";"c";"e";181.98;114.6;488;1212;"si";434000
283;46;"f";"em";"c";"c3c4";170.5;87.27;226;679;"si";324750
284;43;"m";"em";"s";"c3c4";80.545;19.11333333;57;314.6666667;"no";49125
285;26;"m";"un";"s";"fue";138.76;66.235;312;563;"si";203250
286;39;"m";"em";"s";"c3c4";109.84;35.06333333;367.3333333;443.6666667;"no";151967.67
287;36;"f";"em";"c";"c3c4";176.465;93.99;706;1091;"si";360000
288;31;"m";"un";"c";"c3c4";63.45;20.345;80.75;197.75;"no";59875
289;30;"m";"em";"c";"c2";19.905;9.4;53;70.5;"no";25250
290;43;"f";"em";"c";"c3c4";93.985;46.45;194;494;"no";101375
291;54;"m";"un";"c";"c2";115.465;52.0575;109.75;656.5;"no";114125
292;29;"m";"em";"s";"c3c4";116.395;29.81;161;513;"si";259750
293;23;"f";"em";"s";"e";83.625;42.255;189;493.5;"no";105250
294;32;"m";"ts";"s";"c3c4";116.283;24.792;102;147;"no";6783
295;25;"f";"em";"s";"c3c4";152.87;42.38;138;546.5;"no";91250
296;42;"f";"em";"c";"c3c4";131.18;69.16;230;776.5;"si";172875
297;28;"m";"un";"s";"c2";149.64;29.97;258;378;"no";97500
298;41;"m";"em";"s";"c3c4";51.089;11.371;0;0;"no";50179
299;47;"f";"ts";"s";"c3c4";121.478;36.902;276.2;442;"no";153100
300;29;"f";"un";"s";"e";63.97;13.65;94;309;"no";68000
301;29;"m";"em";"s";"c3c4";120.6625;37.7375;159;261.5;"si";261687.5
302;32;"m";"un";"c";"c3c4";115.73;50.225;183.75;421.75;"no";109852.5
303;27;"m";"un";"s";"c3c4";128.0322222;68.71;236.3333333;829.7777778;"si";377374.44
304;22;"f";"ts";"s";"e";107.87;42.7275;123;640.75;"no";143125
305;24;"f";"ts";"s";"e";163.7325;62.7625;262.75;477;"si";588125
306;32;"m";"un";"s";"c3c4";90.1384;39.2404;293.8;322.6;"no";143785.4
307;23;"m";"em";"s";"c3c4";180.29;29.92;0;0;"si";320526.67
308;31;"f";"ts";"c";"c2";104.92;37.54;71;116;"no";68978
309;31;"f";"em";"s";"c3c4";97.26033333;33.42933333;172;381;"no";46381
310;30;"m";"un";"c";"c3c4";47.7625;23.5075;34;91.25;"no";140125
311;25;"m";"ts";"s";"c3c4";182.9066667;53.04333333;378;647.3333333;"si";307500
312;44;"m";"un";"c";"c2";121.55;19.7;184;478;"si";232000
313;26;"f";"ts";"s";"c3c4";28.095;8.285;35.5;95.5;"no";6000
314;25;"f";"em";"s";"c2";139.6866667;67.55666667;332;925.6666667;"si";172333.33
315;50;"m";"em";"c";"c3c4";117.225;75.275;286.5;926.5;"no";119202.5
316;24;"m";"un";"s";"c3c4";160.54;102.14;402;825;"si";196000
317;22;"m";"un";"s";"c3c4";105.74;37.13;87;102;"si";191507.5
318;35;"f";"em";"s";"c3c4";181.1533333;74.33666667;609.3333333;843.3333333;"si";243333.33
319;27;"f";"un";"s";"c3c4";137.185;47.505;308.5;603.5;"no";124500
320;31;"m";"em";"s";"c3c4";179.88;30.5;286;781;"si";160000
321;26;"f";"un";"s";"c2";158.445;37.21;19.5;777;"no";68750
322;23;"f";"un";"s";"c3c4";117.67225;31.37525;240;312;"si";199773.5
323;21;"m";"un";"s";"c3c4";138.388;37.1115;277.75;425.25;"si";303768.5
324;38;"m";"ts";"c";"c3c4";131.0554286;58.76528571;272.7142857;627.2857143;"si";347579.71
325;20;"m";"em";"s";"c3c4";131.3036667;22.53366667;101.1111111;501.4444444;"si";233968.11
326;31;"f";"em";"s";"fue";143.994;32.822;175.4;283.6;"si";351200
327;38;"f";"ts";"s";"c3c4";44.22;11.207;136;352;"no";16302
328;22;"f";"em";"s";"c3c4";88.2315;7.6875;72.5;95;"no";6831
329;45;"m";"em";"s";"c2";132.386;68.718;95.4;638;"si";279950
330;35;"f";"em";"c";"c3c4";154.34;47.59833333;180;297;"si";266916.67
331;22;"f";"em";"s";"c3c4";4.41;1.95;2;19;"no";4000
332;40;"m";"ts";"c";"c3c4";122.9738333;56.484;140.1666667;759;"si";370365.33
333;53;"m";"un";"s";"c3c4";137.088;27.598;154.2;330.4;"no";21400
334;49;"f";"ts";"c";"c3c4";114.485;20.88;68.75;352;"no";126500
335;27;"f";"em";"s";"e";95.94333333;55.06666667;394.3333333;513.3333333;"si";245000
336;41;"m";"em";"s";"c2";131.43975;54.9525;185.25;436.75;"si";373281.25
337;29;"m";"ts";"s";"e";155.47;41.394;163;780.6;"si";285550
338;28;"m";"ts";"s";"e";124.96;66.61;258;748;"si";312500
339;50;"m";"un";"c";"c3c4";189.66;83.66666667;249;619.6666667;"no";122333.33
340;29;"f";"sec";"c";"e";115.186;31.653;96;227;"no";73904
341;31;"m";"un";"s";"c3c4";176.82125;88.485;318.625;931.875;"si";298531.25
342;34;"m";"em";"c";"c3c4";153.27;59.545;223.3333333;573;"no";144916.67
343;37;"m";"em";"s";"c3c4";126.955;28.695;277.5;321;"no";143280
344;26;"f";"em";"s";"e";154.232;53.95;196.8;691;"si";175900
345;31;"m";"un";"s";"c3c4";65.05;26.05;141;227;"no";55500
346;22;"m";"em";"s";"c3c4";41.71285714;0.114285714;12.71428571;12.71428571;"no";0
347;35;"m";"ts";"s";"e";150.718;46.972;335.4;530.6;"si";601500
348;36;"m";"ts";"s";"c3c4";204.66;93.85;342;866;"no";143252
349;27;"m";"un";"s";"c2";119.63;67.95666667;114;283;"no";72166.67
350;42;"m";"em";"c";"e";121.3425;32.49;124;373;"no";87875
351;28;"f";"em";"s";"c3c4";98.295;29.495;3;523;"no";100750
352;25;"f";"em";"s";"c3c4";203.87;70.86;15;815;"si";441500
353;35;"f";"em";"s";"c3c4";158.3166667;50.10333333;202.3333333;850.3333333;"no";103984.67
354;32;"m";"ts";"s";"e";165.73;37.27;203;1338;"no";134500
355;27;"f";"ts";"s";"c3c4";183.8;44.03;240;710;"si";471500
356;25;"f";"un";"s";"c3c4";107.25;29.84;215.3333333;502.6666667;"si";190166.67
357;20;"m";"em";"s";"c3c4";107.659;16.4302;102.9;118.5;"no";122354
358;52;"f";"un";"c";"e";155.635;67.5;301.5;775;"si";234750
359;23;"f";"em";"s";"c3c4";157.4595;32.65775;100.5;184.25;"si";438903
360;31;"m";"ts";"c";"c3c4";11.79;5.69;22;47;"no";14000
361;23;"f";"em";"s";"c3c4";103.134;36.32;159.6;299.6;"no";123100
362;34;"m";"em";"c";"c3c4";149.058;28.496;182.2;275.8;"no";85700
363;26;"f";"em";"s";"c3c4";167.32;44.564;310.4;459.4;"si";481500
364;22;"m";"em";"s";"c3c4";101.805;39.344;54;460;"no";52638
365;27;"f";"un";"c";"c3c4";158.3855;36.3735;158;277.5;"si";427116.5
366;29;"m";"ts";"s";"c3c4";161.575;12.498;18;46;"no";43985
367;24;"m";"ts";"s";"c3c4";14.40428571;0.18;8.571428571;8.571428571;"no";0
368;42;"m";"em";"c";"fue";135.58;53.22;211;466;"si";613500
369;26;"m";"ts";"s";"c3c4";163.0928571;34.641;31.85714286;93.85714286;"si";173124
370;34;"m";"em";"s";"c3c4";16.12;6.76;0;0;"no";23000
371;31;"m";"em";"c";"c3c4";127.0416667;39.23833333;112.6666667;303.8333333;"si";160833.33
372;26;"f";"em";"c";"e";140.4133333;45.72666667;155;574.6666667;"si";351166.67
373;40;"m";"em";"c";"fue";91.9225;44.085;202.5;603.5;"si";278062.5
374;26;"f";"em";"s";"e";163.83;87.69142857;339.2857143;806.2857143;"si";277107.14
375;25;"m";"un";"s";"e";151.94;57.69;0;635;"si";379000
376;21;"m";"em";"s";"c2";113.45;47.585;188.6666667;443.3333333;"si";287333.33
377;26;"m";"ts";"c";"e";94.065;35.165;77;171;"si";285750
378;48;"f";"un";"c";"c3c4";173.62;80.5;326;1170.5;"si";363500
379;34;"m";"em";"s";"c3c4";169.11;62.792;225.6;571.8;"si";286272
380;25;"m";"em";"s";"c3c4";137.682;29.38;85.4;1127.2;"no";48627.2
381;26;"f";"em";"s";"c3c4";181.8328571;45.13571429;204.2857143;434;"si";333642.86
382;35;"m";"em";"s";"c3c4";26.74;1.18;10;33;"no";7000
383;33;"m";"un";"s";"c3c4";117.528;39.994;178.6;469;"no";149300
384;32;"m";"un";"s";"e";169.4228571;67.70285714;161.2857143;637.7142857;"si";235785.71
385;51;"m";"em";"c";"c2";143.653;42.546;365;541;"no";124360
386;22;"f";"un";"s";"e";122.32;10.16;35;178;"no";50000
387;22;"f";"em";"s";"e";139.72;40.87;155.5;516;"no";137250
388;30;"m";"em";"s";"c3c4";198.1277778;85.16555556;305.3333333;896.6666667;"si";220583.33
389;26;"m";"em";"c";"c3c4";90.65;42.69;9.5;548;"si";247000
390;20;"f";"em";"s";"e";153.7755;39.122;67;220.875;"si";382611.75
391;20;"f";"em";"s";"e";154.984375;34.784;201.75;308.75;"si";357437.38
392;34;"f";"em";"s";"c3c4";172.9776667;38.60188889;332.1111111;615.3333333;"si";257600.78
393;27;"f";"em";"s";"c3c4";144.438;53.678;110.8;578;"si";224900
394;27;"m";"ts";"s";"e";172.2844444;82.83111111;324.7777778;927.8888889;"no";148027.78
395;48;"m";"un";"c";"e";104.065;10.963;202;541;"no";3145
396;27;"f";"em";"s";"e";127.7001429;18.41257143;26;70.42857143;"no";150440.43
397;26;"m";"em";"c";"c3c4";158.6866667;57.29666667;118.6666667;787.6666667;"si";442500
398;31;"m";"ts";"s";"c3c4";162.4219;26.7728;409.6;465.8;"si";180736.5
399;41;"f";"em";"s";"c3c4";185.323;45.38;334.7;645.5;"si";196475
400;23;"m";"em";"s";"c3c4";54.7206;15.1054;82.8;198.2;"no";71620.2
401;22;"m";"em";"s";"e";118.819625;24.996375;181.875;421.125;"si";364137.13
402;36;"m";"un";"s";"c2";171.1166667;32.02466667;96.33333333;125;"si";416128
403;33;"f";"ts";"s";"c3c4";181.39;60.71;430;835.5;"si";589093.75
404;53;"f";"un";"s";"c3c4";78.56414286;37.24228571;144;358.4285714;"no";127515
405;52;"f";"un";"s";"c3c4";110.622;46.29;105.2;693.4;"si";191900
406;32;"m";"ts";"s";"c2";133.092;54.894;166.2;482.2;"si";320850
407;21;"f";"em";"s";"e";139.0138333;36.86066667;128.6666667;589.5;"si";277604.67
408;38;"m";"em";"c";"c3c4";146.4788889;80.26444444;286.4444444;751.4444444;"si";359666.67
409;44;"f";"em";"c";"c3c4";179.465;50.77;69.5;98.5;"si";533625
410;30;"f";"em";"s";"c3c4";168.446;44.609;237.5;571;"si";284650
411;24;"m";"un";"s";"c3c4";9.17;4.21;0;0;"no";0
412;28;"m";"ts";"c";"e";157.45125;63.55875;208;344.75;"si";607718.75
413;25;"f";"ts";"s";"c3c4";28.59333333;15.97;34.33333333;184;"no";20666.67
414;52;"f";"sec";"c";"fue";152.23;79.305;189;753.5;"si";414375
415;27;"m";"em";"s";"c3c4";149.275;58.81788889;162;776.6666667;"si";264129.67
416;27;"f";"un";"s";"c3c4";117.3;24.11714286;92.71428571;113.8571429;"si";267785.71
417;27;"m";"em";"s";"c3c4";172.421;64.236;226.9;872.7;"si";325350
418;43;"f";"em";"s";"c3c4";174.405;56.59;508.5;951.5;"si";292250
419;22;"f";"em";"s";"e";35.65;10.42;149.5;222.5;"no";0
420;27;"f";"ts";"s";"c3c4";10.96;4;15;33;"no";5000
421;30;"m";"em";"s";"c3c4";153.708;49.271;223.8;340;"si";655175
422;32;"f";"ts";"s";"c3c4";168.245;55.77833333;303;661.5;"si";216708.33
423;32;"f";"ts";"s";"c3c4";102.565;44.005;99;430;"si";298125
424;24;"m";"ts";"s";"c3c4";138.4451111;33.17544444;49.88888889;397.5555556;"si";239605.89
425;28;"f";"em";"c";"c2";121.078;73.073;198.3;634.3;"si";203700
426;25;"f";"em";"s";"e";150.207;53.9705;227.8333333;740.8333333;"si";282096
427;24;"f";"ts";"s";"c3c4";76.655;12.01;60.5;345;"no";29500
428;28;"m";"em";"s";"c2";93.288;38.928;127.2;543.2;"no";99846.2
429;23;"f";"em";"s";"c3c4";87.62225;28.35425;186.5;301.25;"no";120333
430;22;"f";"em";"c";"e";25.81;10.2;47;53;"no";149500
431;51;"m";"ts";"c";"c2";135.9475;63.87875;273.125;844.25;"si";281281.25
432;27;"f";"em";"c";"c3c4";120.38;18.05;96;1416;"no";6915
433;27;"m";"em";"s";"e";164.8396667;56.767;180.6666667;1184;"si";169677.67
434;30;"m";"un";"s";"e";176.5425;122.1825;372.5;640.5;"si";470250
435;29;"m";"ts";"s";"c3c4";101.7093;21.3047;30.5;90.4;"si";195834.6
436;22;"f";"ts";"s";"c3c4";133.086125;59.563625;191.75;510.25;"si";253828.75
437;25;"m";"ts";"s";"c3c4";149.625;66.976;270.3;661.7;"si";304350
438;28;"f";"em";"s";"c2";84.09125;30.31125;130.375;245.125;"no";84031.25
439;38;"f";"un";"s";"c3c4";123.8133333;58.79666667;148.1666667;467;"no";151708.33
440;33;"f";"em";"s";"c3c4";104.82;54.93;180.5;581;"no";120500
441;37;"m";"em";"s";"c3c4";120.8366667;52.815;269.5;542.5;"no";158875
442;59;"f";"un";"s";"c2";179.675;96.468;379.5;877.1;"si";406450
443;53;"f";"em";"c";"c3c4";207.075;120.315;455.5;1164.25;"si";365625
444;57;"f";"em";"c";"abc1";155.83125;41.1725;307.125;509.875;"si";437875
445;50;"m";"em";"c";"e";182.731;110.642;469.1;896.3;"si";466350
446;53;"f";"em";"c";"e";55.135;28.425;76.5;233;"no";76500
447;52;"f";"ts";"c";"c2";175.24625;68.3925;460;783.125;"si";575945.25
448;54;"f";"ts";"c";"c3c4";177.1757143;49.07;359.5714286;592.1428571;"si";455142.86
449;51;"m";"em";"c";"c3c4";205.6233333;70.62888889;288.8888889;878.4444444;"si";475722.22
450;58;"f";"em";"s";"c3c4";181.4833333;64.22666667;49.66666667;1177.666667;"no";101812.33
451;55;"m";"un";"c";"c3c4";211.96125;67.89;381.75;646.75;"si";678812.5
452;50;"f";"un";"c";"c2";179.052;96.274;387.6;1172.6;"si";611700
453;54;"f";"em";"c";"c3c4";168.175;70.145;255;1020.3;"si";216279.4
454;55;"f";"un";"c";"e";206.8522857;121.0398571;579.5714286;1402.714286;"si";449422.86
455;51;"f";"em";"s";"c3c4";162.8;64.28;227;469;"no";113750
456;51;"m";"ts";"c";"e";196.143;97.574;269.1;704.6;"si";329600
457;55;"f";"ts";"s";"c2";167.8188889;49.98555556;317.1111111;445.8888889;"si";195444.44
458;52;"f";"em";"s";"c3c4";187.5666667;93.92;867.6666667;1456;"si";315500
459;37;"f";"em";"s";"e";118.237;43.719;128.4;496.5;"si";289848
460;52;"f";"em";"c";"c3c4";169.2566667;53.73833333;299.5;479.8333333;"si";467166.67
461;52;"f";"em";"s";"c3c4";190.4888889;95.62444444;396.1111111;1334.111111;"si";284555.56
462;42;"f";"ts";"s";"abc1";107.3366667;45.80888889;246.7777778;482.5555556;"si";277222.22
463;37;"m";"em";"s";"c3c4";139.48;57.793;195.8;280.7;"si";652650
464;48;"m";"ts";"c";"e";125.96875;64.3375;233.5;412.375;"si";502205.88
465;50;"f";"ts";"c";"c3c4";160.457;86.115;395.5;1036.7;"si";507175
466;51;"f";"em";"c";"c3c4";172.9133333;42.39166667;369.8333333;1020.5;"si";281250
467;38;"f";"em";"c";"c3c4";161.317;68.298;277.4;703.8;"si";416550
468;48;"f";"em";"c";"c3c4";147.483;68.316;218.2;558.5;"si";283577
469;45;"f";"ts";"c";"c3c4";142.6914286;52.41;208;1002.571429;"si";360428.57
470;49;"m";"ts";"c";"c3c4";147.32375;43.15125;282;474.625;"si";632500
471;49;"f";"em";"s";"c3c4";238.19;108.265;0;853.75;"si";538375
472;33;"m";"ts";"c";"e";171.01875;66.4825;380.75;719;"si";725562.5
473;45;"m";"un";"s";"c3c4";175.6685714;41.68571429;59.28571429;644.4285714;"si";333785.71
474;48;"m";"em";"c";"c3c4";167.6141667;61.624;216;385.1666667;"si";160008.33
475;47;"f";"em";"s";"c3c4";200.0133333;50.64666667;396.6666667;666.3333333;"si";428666.67
476;48;"f";"sec";"s";"e";183.529;113.221;330.2;1047.5;"si";311675
477;46;"m";"ts";"c";"c3c4";177.85;89.738;342.1;678.1;"si";390848
478;46;"m";"un";"c";"c3c4";107.692;29.896;117.7;152.9;"si";240700
479;46;"m";"em";"c";"c3c4";139.193;63.281;186.3;518.4;"si";335151.6
480;43;"f";"em";"c";"c3c4";171.92;82.09666667;319.1666667;894.1666667;"si";458041.67
481;44;"m";"un";"c";"c2";175.559;65.8076;360.3;847.2;"si";712424.9
482;42;"f";"ts";"c";"c3c4";112.0475;17.4725;73.75;511.5;"no";105250
483;30;"m";"ts";"s";"c3c4";158.04;79.76;729;1084.5;"si";223250
484;44;"f";"em";"s";"c3c4";169.40375;56.21875;378.375;578.625;"si";522625
485;44;"f";"em";"c";"c3c4";143.80625;47.33375;176.25;389.75;"si";273656.25
486;47;"f";"em";"s";"e";174.1566667;58.62166667;340;510.3333333;"si";528333.33
487;45;"f";"ts";"s";"c3c4";1.03;0.45;6;7;"no";0
488;44;"f";"em";"s";"c3c4";161.4885;57.0803;243.7;374.3;"si";274924.3
489;42;"f";"em";"c";"c3c4";181.9022222;78.67666667;343.5555556;732;"si";424111.11
490;44;"f";"ts";"s";"c3c4";182.9411111;77.78;393.3333333;677;"si";426500
491;44;"f";"ts";"c";"c3c4";153.271;39.681;181;257;"si";323207
492;43;"m";"em";"c";"c3c4";36.90475;13.532;20;233.5;"no";19536.75
493;42;"m";"ts";"c";"c3c4";180.457;58.364;319.7;430.1;"si";566775
494;41;"f";"ts";"s";"c3c4";162.97;48.22888889;504.5555556;714.7777778;"si";326916.67
495;40;"f";"un";"s";"c2";149.32;83.53;289;739;"si";188500
496;40;"m";"em";"s";"c3c4";72.88;18.2;244;405;"no";16788
497;40;"m";"em";"c";"c3c4";194.8611111;36.53222222;226.8888889;570.1111111;"si";358111.11
498;38;"f";"em";"c";"c3c4";160.552;32.485;193.8;489.7;"si";258350
499;38;"m";"un";"c";"c3c4";0.17;0.013333333;0.333333333;0.666666667;"no";0
500;38;"m";"ts";"c";"c3c4";149.915;56.8975;0;562.75;"si";297125
501;38;"m";"ts";"c";"c3c4";161.7725;57.18125;225;1023.875;"no";154687.5
502;37;"m";"em";"s";"e";177.93;29.06;396;443.625;"si";267315.5
503;36;"f";"ts";"c";"c3c4";158.1687;49.0907;346.5;567.7;"si";689031.6
504;36;"m";"em";"c";"c3c4";157.525;106.795;529.5;1166.5;"no";103500
505;36;"f";"ts";"s";"fue";100.9682222;30.88433333;228.8888889;302.3333333;"si";203795.78
506;36;"f";"em";"c";"c3c4";181.4777778;60.29;246.2222222;275;"si";323722.22
507;36;"f";"em";"s";"c3c4";197.405;112.807;557.1;994;"si";587775
508;35;"m";"em";"c";"c3c4";160.487;46.898;157.5;242.5;"si";599200
509;35;"m";"un";"s";"c2";198.085;81.731;304.2;983.8;"si";380850
510;35;"f";"sec";"c";"e";201.964;91.734;299.9;832.4;"si";400800
511;35;"m";"ts";"s";"c3c4";156.32;52;495;686;"si";464000
512;35;"f";"ts";"c";"e";168.294;70.385;415.3;1131.8;"si";426950
513;35;"f";"ts";"c";"c3c4";177.596;46.168;181.8;518.4;"si";813000
514;35;"f";"em";"c";"fue";139.3;38.77;241.5;514.5;"no";25750
515;35;"m";"em";"s";"e";60.24;16.52;65;474;"no";0
516;35;"m";"ts";"s";"c3c4";0.79;0.125;0;1;"no";0
517;34;"f";"em";"s";"e";181.284;69.019;300.5;935.9;"si";393650
518;34;"f";"em";"s";"c2";201.3;82.77;516.75;778.875;"si";714000
519;34;"f";"em";"s";"e";184.42;69.09;540;615;"si";596500
520;34;"m";"ts";"s";"c3c4";102.2274;31.8026;468;656.6;"si";492066
521;35;"f";"em";"c";"c2";168.81;63.53666667;490.3333333;622;"si";334500
522;35;"f";"em";"s";"c3c4";183.4922222;100.3944444;323.1111111;876.3333333;"si";217382.22
523;38;"m";"em";"c";"c3c4";209.665;86.685;542.875;867.125;"si";668937.5
524;33;"m";"em";"s";"c3c4";168.3505;51.056125;203.25;305.625;"si";281397.25
525;33;"m";"ts";"c";"e";181.74;33.4025;153.625;589;"si";256843.75
526;33;"f";"em";"s";"fue";179.4;78.994;336.4;416.8;"si";573275
527;33;"m";"ts";"s";"e";157.946;48.709;173.6;1113;"si";207500
528;33;"f";"em";"s";"c3c4";114.034;23.394;199.8;457.2;"no";145800
529;34;"f";"ts";"c";"c3c4";156.463;69.35;242.8;579.9;"si";250750
530;32;"m";"em";"c";"fue";93.775;27.22;114.8333333;198.1666667;"no";149916.67
531;32;"f";"em";"s";"abc1";114.1522222;29.42333333;131.5555556;451.4444444;"no";126361.11
532;32;"f";"ts";"s";"e";184.418;91.79;277.2;919.9;"si";423500
533;31;"m";"ts";"s";"e";166.90375;88.7875;374;975.25;"si";402031.25
534;32;"m";"un";"s";"c2";164.1142857;48.38428571;195;263;"si";586321.43
535;31;"m";"ts";"s";"c3c4";174.979;48.45271429;151.8571429;231.1428571;"si";291177.57
536;31;"m";"un";"c";"e";170.9622222;58.95;208.2222222;597.6666667;"si";540527.78
537;31;"f";"ts";"s";"c3c4";191.2625;87.1125;742.75;1890.25;"si";1132250
538;31;"m";"ts";"s";"c3c4";135.52875;39.90125;160.25;319.125;"si";326875
539;31;"m";"ts";"s";"e";174.0874;42.995;586.2;662;"si";382706.5
540;31;"f";"em";"s";"c2";170.774;91.594;348.4;762.8;"si";471850
541;31;"f";"em";"c";"c3c4";168.915;53.135;323;642;"si";483250
542;31;"f";"em";"c";"e";143.2256;49.5399;345.4;468.8;"si";546744.2
543;31;"m";"em";"s";"fue";118.055;34.425;97.5;506;"no";65000
544;30;"f";"ts";"s";"e";172.4;33.63333333;270;707.6666667;"si";362666.67
545;30;"f";"un";"s";"c3c4";44.154;14.808;101;111;"no";69560
546;30;"m";"em";"c";"c3c4";189.011;83.504;287.2;600.6;"si";264825
547;30;"f";"ts";"s";"c2";168.672;58.956;320.8;535.8;"si";379700
548;30;"f";"em";"s";"c3c4";136.1916667;76.73333333;319;626.5;"si";240791.67
549;35;"m";"ts";"c";"fue";212.298;97.2135;391;486;"si";991404.5
550;31;"m";"em";"s";"c3c4";109.38;35.88;0;0;"si";164535
551;37;"f";"ts";"s";"c3c4";75.145;21.985;82.5;303;"no";82875
552;29;"m";"un";"s";"e";138.3386667;27.83466667;88.33333333;104.3333333;"si";204916.67
553;29;"m";"ts";"c";"c2";215.365;92.195;0;754.5;"si";788250
554;30;"m";"em";"s";"c3c4";172.142625;54.661;206.875;689.625;"si";469887.75
555;29;"f";"ts";"s";"c3c4";131.8842857;66.48;284.7142857;640.7142857;"si";274357.14
556;30;"m";"ts";"s";"e";162.468;46.808;53.42857143;81.85714286;"si";593529.57
557;36;"f";"ts";"c";"c3c4";157.118;58.236;144;263.4;"si";348300
558;33;"f";"em";"s";"c3c4";167.517;82.627;246.2;587.5;"si";295625
559;31;"f";"ts";"s";"c3c4";184.928;59.952;436;548.8;"si";422600
560;30;"f";"ts";"c";"c3c4";159.7777778;74.91777778;247;275.5555556;"si";533111.11
561;29;"m";"ts";"s";"c3c4";168.4232;34.0159;114.7;215.4;"si";515432.2
562;35;"m";"ts";"c";"e";181.3025;63.5825;281;701.5;"si";476125
563;39;"f";"em";"s";"c2";161.1933333;86.28666667;272.7777778;707.7777778;"si";335311
564;36;"m";"em";"c";"c3c4";14.49628571;2.922142857;30.14285714;48.42857143;"no";0
565;36;"f";"em";"s";"c3c4";182.0525;48.85625;446.75;864.375;"si";672625
566;36;"f";"em";"c";"c3c4";157.0742857;65.23285714;371.1428571;664.1428571;"si";656285.71
567;36;"m";"ts";"s";"c2";186.94125;70.75375;336.5;749;"si";477886.88
568;34;"f";"em";"s";"c3c4";166.704;76.201;221.4;553.4;"si";422500
569;31;"f";"ts";"s";"c3c4";159.7744444;52.97777778;338;1132;"si";254388.89
570;29;"m";"em";"s";"c3c4";124.12;42.33;252;1033.5;"no";88750
571;31;"f";"em";"s";"e";158.919;52.346;154.3;582.6;"si";241850
572;27;"f";"un";"s";"fue";162.165;33.7075;166.5;208.625;"si";391562.5
573;28;"m";"ts";"s";"e";53.8;10.03;133;178;"no";4000
574;28;"f";"em";"c";"e";142.4075;25.7225;205.75;497;"si";294875
575;28;"m";"em";"s";"c3c4";222.7575;63.74;2;601;"si";325329.5
576;27;"f";"un";"s";"c3c4";181.867;73.287;424.1;1194.2;"si";547050
577;29;"m";"ts";"s";"c3c4";125.78;21.355;195;914.5;"no";51500
578;26;"f";"em";"s";"c3c4";172.419;66.322;357.3;1128.1;"si";518050
579;26;"m";"un";"s";"fue";140.4888889;59.89777778;228.5555556;621.3333333;"si";454870.33
580;26;"m";"ts";"s";"c2";115.5116;26.5062;202.2;264.6;"si";296729.7
581;27;"f";"em";"s";"e";121.75;39.02;151;223;"si";402500
582;27;"m";"ts";"s";"e";177.1475;67.06;203.25;480;"si";220812.5
583;28;"f";"em";"s";"e";129.9866667;79.70666667;225.5555556;430;"si";304250
584;28;"m";"ts";"s";"c3c4";150.3255714;33.83828571;225.5714286;282;"si";206801.71
585;28;"f";"em";"s";"c3c4";146.875;54.23;185;710;"si";180812.5
586;28;"m";"ts";"s";"c2";190.3666667;70.79333333;210.6666667;622.5;"si";370625
587;28;"f";"ts";"c";"fue";163.925;54.275;355.9;549.4;"si";361400
588;29;"f";"em";"s";"c2";162.4094;47.6886;440.2;876.2;"si";460604.6
589;28;"f";"em";"s";"c3c4";163.0708333;29.4235;35;35.5;"si";339110.33
590;28;"m";"ts";"s";"e";187.7721;67.1967;499.2;713.8;"si";444564.7
591;28;"f";"em";"s";"e";162.18875;43.97125;268.25;746;"si";272531.25
592;28;"f";"em";"s";"e";130.59;63.63111111;333.2222222;594.6666667;"si";337111.11
593;27;"m";"em";"c";"c3c4";157.5833333;67.90666667;209.3333333;514;"si";256833.33
594;26;"m";"em";"s";"e";117.86;16.036;33.4;329;"no";146500
595;27;"m";"em";"c";"c3c4";3.128333333;0.897666667;1;1.333333333;"no";0
596;27;"m";"ts";"s";"c3c4";101.05;40.25;119;441;"no";32000
597;26;"f";"em";"c";"c3c4";17.125;10.055;11;80.5;"no";14625
598;27;"m";"un";"s";"e";124.8341;25.7724;43.6;97.9;"si";293755.5
599;26;"f";"em";"c";"c3c4";112.3182857;23.104;67.28571429;129.1428571;"no";147849.29
600;26;"f";"em";"s";"e";63.37;15.18333333;47.66666667;227.3333333;"no";80300
601;26;"m";"un";"s";"c3c4";150.087;57.766;312.5;781.7;"si";283250
602;26;"m";"ts";"c";"e";103.52;44.73;263;294;"no";90000
603;26;"f";"em";"s";"e";152.2433333;68.46444444;215.2222222;1080.555556;"si";171748.89
604;26;"f";"em";"s";"e";143.1298;51.4382;204.5;488.6;"si";258033.8
605;26;"f";"ts";"s";"c3c4";133.665;24.635;147.5;417.5;"no";61000
606;26;"f";"un";"s";"c3c4";115.9125;59.4525;223.75;637.25;"si";208812.5
607;26;"f";"ts";"s";"e";142.9681111;32.19555556;203.2222222;278.1111111;"si";395121.33
608;26;"m";"em";"s";"e";86.085;31.965;96.5;111.5;"no";120825.5
609;25;"f";"ts";"s";"c3c4";151.07375;65.5825;154.125;457.25;"si";395812.5
610;26;"m";"em";"s";"e";96.165;0.115;17;17;"no";0
611;26;"f";"ts";"s";"c3c4";159.9408571;41.14771429;186.5714286;320.1428571;"si";418365.14
612;26;"f";"un";"s";"c3c4";158.622;50.05357143;137.8571429;248.2857143;"si";439033.71
613;25;"f";"em";"s";"e";171.135;84.086;323.9;590.9;"si";268725
614;26;"f";"em";"s";"c3c4";116.6;46.2;253;581;"si";266000
615;25;"f";"em";"c";"c2";135.0333333;46.33;350;594.6666667;"si";474000
616;25;"m";"ts";"s";"e";148.9978889;47.62733333;305.8888889;403.8888889;"si";342107.78
617;25;"f";"ts";"s";"c3c4";182.0164286;44.586;139.2857143;224.1428571;"si";414180.57
618;40;"m";"ts";"s";"e";180.698;72.94;243.3;318.2;"si";561700
619;25;"f";"ts";"s";"fue";131.076;60.227;294.2;740.6;"si";502800
620;25;"f";"em";"s";"c2";138.789;50.397;215.9;280.1;"si";779975
621;25;"m";"em";"s";"c3c4";166.0016667;66.25;202.1666667;433.3333333;"si";407333.33
622;25;"m";"ts";"s";"c2";179.1581429;72.14414286;264.5714286;719.8571429;"si";178220
623;24;"f";"ts";"s";"c3c4";182.0114286;49.12857143;238.1428571;552.1428571;"si";304142.86
624;25;"f";"em";"c";"e";122.385;28.235;217.5;460.5;"no";53000
625;25;"f";"un";"s";"c3c4";197.04;102.7683333;414.1666667;799.5;"si";238041.67
626;25;"m";"em";"s";"c3c4";178.5057143;39.45285714;234;531;"si";570071.43
627;24;"m";"em";"s";"c3c4";157.6514;44.625;89.6;168.6;"si";209226.2
628;28;"m";"ts";"s";"c3c4";160.945;69.91;158.75;624.25;"si";542255.75
629;24;"m";"em";"s";"abc1";137.279;54.88;196.8;569.9;"si";567975
630;24;"m";"em";"s";"c3c4";109.833;41.009;239;555.4;"no";151150
631;24;"m";"em";"s";"c3c4";140.6;36.705;62.25;611.25;"si";183312.5
632;24;"f";"em";"c";"c2";159.7275;42.8175;0;502.75;"si";310000
633;23;"m";"em";"c";"c3c4";214.3;79.615;0;708.75;"si";490000
634;24;"f";"un";"c";"c3c4";205.5703333;26.17733333;12.33333333;21.66666667;"si";654523
635;24;"f";"em";"s";"c3c4";19.97;8.668;103;164;"no";15191
636;23;"f";"em";"s";"e";83.84;28.08;131;317;"no";0
637;24;"f";"ts";"c";"e";155.2766667;36.40666667;225.7777778;444.7777778;"si";571555.56
638;22;"m";"un";"s";"c3c4";124.41;28.02666667;311.6666667;371;"si";265159
639;23;"f";"ts";"s";"c3c4";78.35;34.33;114;367;"no";0
640;24;"f";"em";"s";"c3c4";178.848;96.191;374.9;750.8;"si";367975
641;23;"f";"ts";"s";"c2";158.25325;37.56175;25.75;35;"si";641770
642;23;"m";"un";"s";"e";171.955;39.025;12.5;49;"no";150890
643;28;"f";"ts";"s";"c2";258.4;97.875;0;861;"si";588000
644;22;"f";"em";"s";"c2";104.6133333;29.02166667;118.3333333;171.8333333;"si";245083.33
645;25;"m";"ts";"s";"c3c4";96.85;48.46;194;381;"si";553000
646;22;"m";"em";"s";"e";202.8266667;39.57666667;295.3333333;746;"si";412000
647;21;"m";"em";"s";"c2";133.977;43.91533333;95;138.6666667;"si";735131
648;22;"f";"un";"s";"c3c4";111.68;40.80142857;100;509.5714286;"si";181071.43
649;21;"f";"em";"s";"e";186.535;35.08;22;111;"si";229250
650;26;"f";"ts";"s";"e";132.528;51.376;181.8;532;"si";263550
651;21;"f";"ts";"s";"e";107.5911111;50.67666667;270.1111111;677.1111111;"si";248500
652;21;"m";"em";"s";"c3c4";180.5773333;50.46566667;147.2222222;287.7777778;"si";435298.56
653;25;"f";"un";"s";"e";71.7;23.005;62;150.5;"no";121500
654;24;"f";"ts";"c";"c3c4";5.3;0.94;13;50;"no";0
655;30;"f";"sec";"s";"c3c4";124.783;57.948;249.9;981.4;"si";392250
656;50;"f";"em";"c";"e";193.782;90.175;376.5;908;"si";335850
657;28;"f";"un";"s";"abc1";193.32;71.52;390;687.5;"si";770000
658;29;"m";"un";"s";"c2";120.82;39.13;85.66666667;471.6666667;"no";154250
659;28;"f";"ts";"s";"c3c4";164.6262;51.7097;428.6;494.6;"si";258775.5
660;33;"m";"ts";"s";"e";121.296;35.79;147.2;404;"si";208876
